ID,Distance,Elevation
1,0,0
2,6.421227755029733,-0.5043406063582067
3,12.842455510059466,-0.4263645379555318
4,19.2636832650892,-0.3481421058686281
5,25.684911020118932,-0.2704853239014027
6,32.106138775148665,-0.1926092831736107
7,38.5273665301784,-0.0849269884022735
8,44.94859428520813,-0.08597447729017851
9,51.369822040237864,-0.08749572711150283
10,57.7910497952676,-0.08927158098065523
11,64.21227755029733,-0.09056352599322776
12,70.63350530532706,-0.0918232918853483
13,77.0547330603568,-0.09359914754326437
14,83.47596081538653,-0.09504815595455818
15,89.89718857041626,-0.010317941987748758
16,96.318416325446,0.12988467464052184
17,102.73964408047573,0.06880079674623636
18,109.16087183550547,-0.08108158818672893
19,115.5820995905352,-0.1480684549656195
20,122.00332734556493,-0.21598083994592598
21,128.42455510059466,-0.25048934044131116
22,134.8457828556244,-0.19399446627369532
23,141.26701061065413,-0.12594850487776527
24,147.68823836568387,-0.040579005537719814
25,154.1094661207136,-0.13149091635851787
26,160.5306938757433,-0.13172323811803346
27,166.95192163077306,-0.18489924751418546
28,173.3731493858028,-0.23779734536825214
29,179.79437714083252,-0.2673777519435419
30,186.21560489586224,-0.12235462718341933
31,192.636832650892,-0.07883738383983804
32,199.05806040592174,-0.025488457760559233
33,205.47928816095146,-0.046420403793708494
34,211.9005159159812,-0.06754786219190476
35,218.32174367101095,-0.08867531935158923
36,224.74297142604064,-0.10980277680321551
37,231.1641991810704,-0.13093023931140985
38,237.5854269361001,-0.15205768872689684
39,244.00665469112985,-0.13575333362582026
40,250.42788244615957,-0.09696417324691305
41,256.8491102011893,-0.05837103281757024
42,263.27033795621907,-0.04399999976158142
43,269.6915657112488,-0.04600000008940697
44,276.1127934662785,-0.04778501559388768
45,282.53402122130825,-0.041999999433755875
46,288.955248976338,-0.0430000014603138
47,295.37647673136775,-0.04499211064808225
48,301.7977044863975,-0.04600000008940697
49,308.2189322414272,-0.047534283679802156
50,314.64015999645693,-0.04899999871850014
51,321.0613877514866,-0.05000000074505806
52,327.48261550651637,-0.052000001072883606
53,333.9038432615461,-0.05299999937415123
54,340.32507101657586,-0.05456004653327488
55,346.7462987716056,-0.0560000017285347
56,353.16752652663536,-0.05700000002980232
57,359.58875428166505,-0.05900000035762787
58,366.0099820366948,-0.05999999865889549
59,372.4312097917245,-0.061824712352278516
60,378.85243754675423,-0.06300000101327896
61,385.273665301784,-0.06411594309172385
62,391.6948930568137,-0.0820000022649765
63,398.1161208118435,-0.08399999886751175
64,404.53734856687316,-0.0860000029206276
65,410.9585763219029,-0.08774231244864554
66,417.37980407693266,-0.08939524919434416
67,423.8010318319624,-0.09104817849021889
68,430.22225958699215,-0.09300000220537186
69,436.6434873420219,-0.0949999988079071
70,443.0647150970516,-0.09700000286102295
71,449.4859428520813,-0.0989999994635582
72,455.907170607111,-0.10100000351667404
73,462.3283983621408,-0.10296578066828765
74,468.7496261171705,-0.10461871280275248
75,475.1708538722002,-0.08399999886751175
76,481.59208162722996,-0.08553065235436338
77,488.0133093822597,-0.08699999749660492
78,494.4345371372894,-0.08799999952316284
79,500.85576489231914,-0.08996631755181257
80,507.2769926473489,-0.09099999815225601
81,513.6982204023786,-0.09218924834945069
82,520.1194481574083,-0.09670829718841441
83,526.5406759124381,-0.10154755279331984
84,532.9619036674678,-0.10634735994351767
85,539.3831314224976,-0.11180098442692354
86,545.8043591775273,-0.11643682015925255
87,552.225586932557,-0.12120546493575772
88,558.6468146875868,-0.12827401511114261
89,565.0680424426165,-0.13600009238252364
90,571.4892701976463,-0.1439686318973023
91,577.910497952676,-0.15217717866556665
92,584.3317257077058,-0.16043730985661234
93,590.7529534627355,-0.16869744214032398
94,597.1741812177652,-0.17695757442450133
95,603.595408972795,-0.18521770670728166
96,610.0166367278246,-0.1934696532461589
97,616.4378644828544,-0.20154354238316569
98,622.859092237884,-0.2094179577852204
99,629.2803199929139,-0.21761066720005506
100,635.7015477479436,-0.2255183552486414
101,642.1227755029732,-0.23377848348031915
102,648.544003258003,-0.24203861576286664
103,654.9652310130327,-0.2502987413734944
104,661.3864587680625,-0.25855886759772484
105,667.8076865230922,-0.2668189991973507
106,674.228914278122,-0.275079130800469
107,680.6501420331517,-0.28251166282754986
108,687.0713697881814,-0.2905994068743239
109,693.4925975432112,-0.2988595384800034
110,699.9138252982409,-0.30711966685056646
111,706.3350530532707,-0.315379801688219
112,712.7562808083004,-0.32363992329463925
113,719.1775085633301,-0.33190004301854376
114,725.5987363183599,-0.340077846406988
115,732.0199640733896,-0.3482017728256399
116,738.4411918284194,-0.3562770449968452
117,744.862419583449,-0.364323343970119
118,751.2836473384788,-0.3722007059731312
119,757.7048750935085,-0.3325250845488925
120,764.1261028485383,-0.07622326735423662
121,770.547330603568,0.20348409496222855
122,776.9685583585976,0.44783845572242775
123,783.3897861136275,0.7260637923271918
124,789.8110138686571,1.026058298582506
125,796.232241623687,1.314730383393844
126,802.6534693787166,1.6694727809247054
127,809.0746971337463,2.0990817077433293
128,815.4959248887761,2.461235906115304
129,821.9171526438058,2.9089652010279345
130,828.3383803988356,4.23143680415039
131,834.7596081538653,4.840507473984806
132,841.1808359088951,4.966715906658213
133,847.6020636639248,4.849191591328096
134,854.0232914189545,4.984208137117228
135,860.4445191739843,4.788577077872812
136,866.865746929014,4.549013811233054
137,873.2869746840438,5.074332926335412
138,879.7082024390734,4.94981802474854
139,886.1294301941032,6.377000101141588
140,892.5506579491329,8.644179756190841
141,898.9718857041626,11.620266284156646
142,905.3931134591924,13.41774712405333
143,911.814341214222,15.945685415744009
144,918.2355689692519,18.716710960402033
145,924.6567967242815,19.382042255280197
146,931.0780244793114,19.150540540062824
147,937.499252234341,18.80686103352001
148,943.9204799893706,19.008262612547714
149,950.3417077444004,17.636964401109356
150,956.7629354994301,14.552641752432667
151,963.1841632544599,12.395848464183166
152,969.6053910094896,10.574622362562135
153,976.0266187645194,9.88278151962321
154,982.4478465195491,9.560905601987118
155,988.8690742745788,9.37589866792839
156,995.2903020296086,9.118377922292161
157,1001.7115297846383,9.07717286588695
158,1008.1327575396681,8.456894472907694
159,1014.5539852946978,8.813935124180832
160,1020.9752130497275,8.035966339964714
161,1027.3964408047573,7.530229378660019
162,1033.817668559787,8.368321229794917
163,1040.2388963148167,11.559768981932882
164,1046.6601240698465,15.992840492488973
165,1053.0813518248763,20.947594549937822
166,1059.502579579906,22.73588611851642
167,1065.9238073349356,22.320706078962452
168,1072.3450350899654,18.955131276043616
169,1078.7662628449953,17.226161191005666
170,1085.1874906000248,15.61822777307673
171,1091.6087183550546,13.780542000500114
172,1098.0299461100844,13.505759547303542
173,1104.451173865114,15.97899214484071
174,1110.8724016201438,19.93333545278124
175,1117.2936293751736,19.99899577138994
176,1123.7148571302034,19.643605571621542
177,1130.136084885233,17.54315378452617
178,1136.5573126402628,15.682235786043899
179,1142.9785403952926,16.12318230445102
180,1149.3997681503222,17.827390451192414
181,1155.820995905352,18.950323354641764
182,1162.2422236603818,18.285763667532084
183,1168.6634514154116,17.71657074025775
184,1175.0846791704412,16.601922848493423
185,1181.505906925471,15.231971897642048
186,1187.9271346805008,13.525176081660787
187,1194.3483624355304,11.011957760015871
188,1200.7695901905602,8.95263032424345
189,1207.19081794559,8.3082726561193
190,1213.6120457006195,10.571826572182886
191,1220.0332734556491,14.216482460732264
192,1226.454501210679,18.24711795931452
193,1232.8757289657087,22.019241725009625
194,1239.2969567207383,25.977288829706104
195,1245.718184475768,29.13829251987281
196,1252.139412230798,30.872554454037
197,1258.5606399858277,30.727889162143036
198,1264.9818677408573,30.255650496034896
199,1271.403095495887,29.03401178998461
200,1277.824323250917,27.202320191578462
201,1284.2455510059465,25.1211306603213
202,1290.6667787609763,23.54642504108538
203,1297.088006516006,22.720868904540264
204,1303.509234271036,23.762337531702897
205,1309.9304620260655,25.707703525345448
206,1316.3516897810953,26.260079595855913
207,1322.772917536125,24.576999659033966
208,1329.1941452911547,22.404422645640405
209,1335.6153730461845,21.165277466345756
210,1342.0366008012143,21.590862975923557
211,1348.457828556244,23.38525312385108
212,1354.8790563112736,24.020580759923327
213,1361.3002840663034,23.466749039928526
214,1367.7215118213333,23.759029030667847
215,1374.1427395763628,23.644072886546024
216,1380.5639673313926,22.216671170758232
217,1386.9851950864224,20.799194283724287
218,1393.4064228414522,21.98144806492877
219,1399.8276505964818,24.28784353278938
220,1406.2488783515116,26.57887386537893
221,1412.6701061065414,27.93237754285318
222,1419.091333861571,28.39396487106846
223,1425.5125616166008,28.35955820543542
224,1431.9337893716306,27.48002006762686
225,1438.3550171266602,25.66122472246697
226,1444.77624488169,24.51052689578772
227,1451.1974726367198,23.140300104698532
228,1457.6187003917496,21.68607952359274
229,1464.0399281467792,20.558444017655333
230,1470.461155901809,20.282592880603595
231,1476.8823836568388,21.916539165158632
232,1483.3036114118684,22.3059387147225
233,1489.724839166898,21.35064637292531
234,1496.1460669219277,21.338456260544472
235,1502.5672946769575,21.83455440160951
236,1508.9885224319871,22.061260302397713
237,1515.409750187017,21.846534964770363
238,1521.8309779420467,20.600723516221755
239,1528.2522056970765,19.839589455643992
240,1534.673433452106,19.607851603509054
241,1541.094661207136,20.282749826783
242,1547.5158889621657,20.831192351892003
243,1553.9371167171953,21.87058566155129
244,1560.358344472225,21.627756696995355
245,1566.779572227255,20.435148197095323
246,1573.2007999822845,18.274602400015752
247,1579.6220277373143,15.739170228451936
248,1586.043255492344,13.263915973651352
249,1592.464483247374,12.175292801617156
250,1598.8857110024035,12.240493986208328
251,1605.3069387574333,12.68261371883058
252,1611.728166512463,13.362018796223328
253,1618.1493942674927,13.782273850558674
254,1624.5706220225225,15.166992746767102
255,1630.9918497775523,16.956475168482392
256,1637.413077532582,18.15401646877859
257,1643.8343052876116,17.932186341414017
258,1650.2555330426414,17.958619687591614
259,1656.6767607976712,18.18798675646145
260,1663.0979885527008,18.34099326361579
261,1669.5192163077306,17.59383390489902
262,1675.9404440627604,16.41586826917121
263,1682.3616718177902,14.94224993303516
264,1688.7828995728198,14.681506641761949
265,1695.2041273278496,14.500150489554592
266,1701.6253550828794,13.264428888192722
267,1708.046582837909,12.940626515254195
268,1714.4678105929388,12.583961563677288
269,1720.8890383479686,12.623206678503632
270,1727.3102661029984,12.55836843322017
271,1733.731493858028,12.936917459287375
272,1740.1527216130578,12.865640593972168
273,1746.5739493680876,13.138425577568686
274,1752.995177123117,14.173885356214711
275,1759.4164048781467,14.867549498618972
276,1765.8376326331766,15.759381259918154
277,1772.2588603882064,16.6111920306549
278,1778.680088143236,16.68115322712901
279,1785.1013158982657,16.350940833744268
280,1791.5225436532955,15.200095144155933
281,1797.9437714083251,14.408693220792857
282,1804.364999163355,13.94616898799544
283,1810.7862269183847,13.990838083503508
284,1817.2074546734145,14.603889959855497
285,1823.628682428444,15.080415797833062
286,1830.049910183474,16.381489790438124
287,1836.4711379385037,17.32627896084962
288,1842.8923656935333,17.85244686640624
289,1849.313593448563,18.30563970807392
290,1855.734821203593,18.349623407256328
291,1862.1560489586227,18.422545029496604
292,1868.5772767136523,18.650750232362384
293,1874.998504468682,18.546271330881623
294,1881.419732223712,18.438898550080665
295,1887.8409599787412,18.43987270852625
296,1894.262187733771,18.781608924161944
297,1900.6834154888008,19.250038271159042
298,1907.1046432438307,20.12652158092622
299,1913.5258709988602,19.872465405745686
300,1919.94709875389,19.4791510935215
301,1926.3683265089198,18.991325193038136
302,1932.7895542639494,18.45995099510395
303,1939.2107820189792,17.928465320837105
304,1945.632009774009,17.396802682694464
305,1952.0532375290388,16.865641469086878
306,1958.4744652840684,16.47171786673902
307,1964.8956930390982,16.5667005598334
308,1971.316920794128,16.660488995222224
309,1977.7381485491576,16.74488438057419
310,1984.1593763041874,16.814580733431683
311,1990.5806040592172,16.81990067718179
312,1997.001831814247,16.45651013916466
313,2003.4230595692766,16.46191029320298
314,2009.8442873243064,16.448150892479457
315,2016.2655150793362,16.825804532550798
316,2022.6867428343658,16.519517263694734
317,2029.1079705893956,16.296923053534982
318,2035.5291983444254,16.50364778471659
319,2041.950426099455,16.556832214001574
320,2048.371653854485,16.79647600202893
321,2054.7928816095146,17.151177550961847
322,2061.214109364544,17.516131176182576
323,2067.635337119574,18.048194143174932
324,2074.0565648746037,18.13808616558772
325,2080.4777926296333,18.05185687412
326,2086.8990203846633,17.89246516117791
327,2093.320248139693,17.6895127584174
328,2099.7414758947225,17.48562144764378
329,2106.1627036497525,17.273561351853584
330,2112.583931404782,17.150220322144282
331,2119.005159159812,17.337696344036896
332,2125.4263869148417,17.4076201182851
333,2131.8476146698713,17.47731799186556
334,2138.2688424249013,17.54696382318081
335,2144.690070179931,17.608040014418417
336,2151.1112979349605,17.901822626672875
337,2157.5325256899905,18.44225745053191
338,2163.95375344502,19.491322751872303
339,2170.3749812000497,20.237341085457132
340,2176.7962089550797,20.99092117624881
341,2183.2174367101093,21.7488862676149
342,2189.638664465139,22.404767644779657
343,2196.059892220169,22.864591125276604
344,2202.4811199751985,24.361775013227287
345,2208.902347730228,26.577172900900795
346,2215.323575485258,27.97003968149783
347,2221.7448032402876,30.51635405399368
348,2228.1660309953177,33.30416039145926
349,2234.5872587503472,36.526300666886016
350,2241.008486505377,39.86515610087696
351,2247.429714260407,43.36151575623698
352,2253.8509420154364,46.42182681410093
353,2260.272169770466,49.47119661791997
354,2266.693397525496,52.31454046121848
355,2273.1146252805256,54.9596836355334
356,2279.535853035555,57.354909384098605
357,2285.957080790585,60.0383081708061
358,2292.378308545615,62.31310975237989
359,2298.7995363006444,64.58046487316031
360,2305.2207640556744,66.70827198584801
361,2311.641991810704,67.56345396168862
362,2318.063219565734,66.48308366611823
363,2324.4844473207636,64.122401493356
364,2330.905675075793,61.067304815088136
365,2337.326902830823,57.86050975259953
366,2343.748130585853,56.86780158148654
367,2350.1693583408824,57.348564382545746
368,2356.5905860959124,58.95371413721351
369,2363.011813850942,61.060128189790305
370,2369.4330416059715,62.966468137413976
371,2375.8542693610016,63.78428323987908
372,2382.275497116031,64.96080379725504
373,2388.6967248710607,68.21674245006807
374,2395.1179526260908,71.89690010267621
375,2401.5391803811203,75.49679839895751
376,2407.96040813615,79.58963803947935
377,2414.38163589118,83.33827698092921
378,2420.8028636462095,87.17748249181072
379,2427.224091401239,91.25813808917326
380,2433.6453191562687,95.40020543269165
381,2440.0665469112982,99.18850233272818
382,2446.4877746663283,102.60193419748208
383,2452.909002421358,105.49711370392406
384,2459.3302301763874,107.70043249354453
385,2465.7514579314175,108.58576573513699
386,2472.172685686447,108.53650435446315
387,2478.5939134414766,109.71667930571715
388,2485.0151411965066,109.41086513526372
389,2491.436368951536,107.5772069755773
390,2497.8575967065663,103.7616341847407
391,2504.278824461596,100.08694276080172
392,2510.7000522166254,96.52706612828439
393,2517.1212799716554,95.72700189848436
394,2523.542507726685,98.61458185215348
395,2529.9637354817146,102.3715514695352
396,2536.3849632367446,105.87603000103613
397,2542.806190991774,109.24115317742127
398,2549.227418746804,111.8372208600606
399,2555.648646501834,112.1135877036015
400,2562.0698742568634,111.40056475127975
401,2568.491102011893,112.30578067641464
402,2574.912329766923,112.40675440144403
403,2581.3335575219526,110.58195049343075
404,2587.7547852769826,107.56901495113222
405,2594.176013032012,104.44147997300414
406,2600.5972407870418,101.38225318684266
407,2607.018468542072,98.57903236118136
408,2613.4396962971014,97.54269380760033
409,2619.860924052131,98.21354555779646
410,2626.282151807161,97.83918484723905
411,2632.7033795621905,95.73376605478947
412,2639.12460731722,92.62178487645255
413,2645.54583507225,89.77125679626808
414,2651.9670628272797,86.37087487367015
415,2658.3882905823093,83.38133388465174
416,2664.8095183373393,80.64458373048143
417,2671.230746092369,79.03671485971292
418,2677.6519738473985,78.69113658821658
419,2684.0732016024285,78.54511381261088
420,2690.494429357458,78.40952035271283
421,2696.915657112488,79.5498911883979
422,2703.3368848675177,81.37359101638714
423,2709.7581126225473,82.73602968859154
424,2716.1793403775773,83.10772604943591
425,2722.600568132607,84.43151963176321
426,2729.0217958876365,85.19199939786188
427,2735.4430236426665,84.04800273306391
428,2741.864251397696,81.54457328264908
429,2748.2854791527257,78.26742512410902
430,2754.7067069077557,74.90517945181475
431,2761.1279346627853,72.29244400396178
432,2767.549162417815,71.23045345210787
433,2773.970390172845,70.19661517306633
434,2780.3916179278744,70.23105529883394
435,2786.8128456829045,69.76412609244164
436,2793.234073437934,68.78598166653339
437,2799.6553011929636,66.5387341420338
438,2806.0765289479937,65.12739905711854
439,2812.4977567030232,64.83276595593802
440,2818.918984458053,64.72392672451747
441,2825.340212213083,64.47674542498896
442,2831.7614399681124,64.47746118050355
443,2838.182667723142,64.80083455600513
444,2844.603895478172,65.07625156223983
445,2851.0251232332016,65.35111773370889
446,2857.446350988231,65.04065789707313
447,2863.867578743261,62.82350121455272
448,2870.288806498291,60.739937380213505
449,2876.7100342533204,58.283621468408924
450,2883.1312620083504,57.15638271188608
451,2889.55248976338,56.848669875801534
452,2895.97371751841,56.276474758500285
453,2902.3949452734396,56.4921185791215
454,2908.816173028469,55.83279251346956
455,2915.237400783499,56.20788507472734
456,2921.658628538529,54.84872789852829
457,2928.0798562935584,54.009673501164826
458,2934.5010840485884,53.69199016778674
459,2940.922311803618,53.02767923521853
460,2947.3435395586475,52.11798163955631
461,2953.7647673136776,50.992978897654154
462,2960.185995068707,49.97962343965725
463,2966.6072228237367,49.133914960597
464,2973.0284505787663,48.726970490950606
465,2979.449678333796,48.39484200713492
466,2985.870906088826,48.05516207834164
467,2992.2921338438555,47.45656998860341
468,2998.713361598885,46.89176802442812
469,3005.134589353915,46.13258862672744
470,3011.5558171089447,44.9240773407397
471,3017.9770448639742,44.22431807040179
472,3024.3982726190043,43.940111910812576
473,3030.819500374034,43.66745512491343
474,3037.2407281290634,44.77504845757445
475,3043.6619558840935,47.64286028620234
476,3050.083183639123,51.06341320341775
477,3056.504411394153,54.941670651535986
478,3062.9256391491826,58.68874279468045
479,3069.346866904212,62.555426709342
480,3075.7680946592423,65.15707726331323
481,3082.189322414272,66.95941131656372
482,3088.6105501693014,66.05985970807463
483,3095.0317779243314,64.92697605161948
484,3101.453005679361,63.828790609590285
485,3107.8742334343906,61.30827175859607
486,3114.2954611894206,57.768571091724866
487,3120.71668894445,54.801012255501185
488,3127.13791669948,51.86561573924474
489,3133.55914445451,48.68077444998504
490,3139.9803722095394,45.657578066361644
491,3146.401599964569,43.28964981900569
492,3152.822827719599,41.346362138613294
493,3159.2440554746286,40.303262112095304
494,3165.6652832296586,39.9643615970841
495,3172.086510984688,39.53974833409689
496,3178.5077387397178,39.31927628573817
497,3184.928966494748,39.06337613506721
498,3191.3501942497774,38.843812373131854
499,3197.771422004807,38.77959739468703
500,3204.192649759837,38.36750506987988
501,3210.6138775148665,38.21655286952038
502,3217.035105269896,38.17596195097372
503,3223.456333024926,38.213548915991865
504,3229.8775607799557,38.03632361163653
505,3236.2987885349853,37.86909731544534
506,3242.7200162900153,37.75899829477105
507,3249.141244045045,37.8589447722236
508,3255.562471800075,37.59573217348767
509,3261.9836995551045,37.67111368236263
510,3268.404927310134,37.553148578298064
511,3274.826155065164,37.54936338663102
512,3281.2473828201937,37.51043767464672
513,3287.6686105752233,37.46467258601504
514,3294.0898383302533,37.667600589379965
515,3300.511066085283,37.77959989571281
516,3306.9322938403125,37.77870488803215
517,3313.3535215953425,37.952621010472186
518,3319.774749350372,38.75394161759466
519,3326.1959771054017,39.154352318026504
520,3332.6172048604317,39.263456332360136
521,3339.0384326154613,40.23891600101802
522,3345.459660370491,42.9541135809889
523,3351.880888125521,45.929400180594385
524,3358.3021158805504,48.67924648901026
525,3364.7233436355805,52.038939173330526
526,3371.14457139061,54.5789216015101
527,3377.5657991456396,56.805321692397825
528,3383.9870269006697,58.4954937603003
529,3390.4082546556992,57.80860306670825
530,3396.829482410729,55.76824484108374
531,3403.250710165759,52.95692808384156
532,3409.6719379207884,50.14772010580959
533,3416.093165675818,47.24004028094491
534,3422.514393430848,44.851590692255684
535,3428.9356211858776,43.5892037761837
536,3435.356848940907,42.738820689131444
537,3441.778076695937,42.19972876056086
538,3448.199304450967,41.2362320425439
539,3454.620532205997,40.417785908707124
540,3461.0417599610264,39.936499916028694
541,3467.462987716056,39.86062365143695
542,3473.884215471086,39.94289335647065
543,3480.3054432261156,42.83255955231478
544,3486.726670981145,46.683811807364634
545,3493.147898736175,49.6831127899746
546,3499.5691264912048,49.63170179823185
547,3505.990354246234,49.31917290600421
548,3512.411582001264,48.949930806746785
549,3518.8328097562935,47.854491088171656
550,3525.2540375113235,46.46294095575613
551,3531.675265266353,45.11190474491819
552,3538.0964930213827,44.22832329529518
553,3544.5177207764127,44.562484078344696
554,3550.9389485314423,45.065479046862094
555,3557.360176286472,47.52438881455649
556,3563.781404041502,50.595987589627335
557,3570.2026317965315,53.0374745051535
558,3576.623859551561,54.73840673037783
559,3583.045087306591,54.918197010276806
560,3589.4663150616207,55.20159683231492
561,3595.8875428166502,54.05076135513427
562,3602.3087705716803,52.877198792805544
563,3608.72999832671,51.42264277391709
564,3615.1512260817394,49.87791717906185
565,3621.5724538367695,48.840794400941405
566,3627.993681591799,47.741214875028945
567,3634.414909346829,46.16922355227381
568,3640.8361371018586,46.341556696747745
569,3647.257364856888,47.27653270705087
570,3653.6785926119182,48.54154393073209
571,3660.099820366948,51.16566066634998
572,3666.5210481219774,53.0606503087048
573,3672.9422758770074,54.0870223144847
574,3679.363503632037,56.13767969895882
575,3685.7847313870666,55.885753668818595
576,3692.2059591420966,54.152142424376194
577,3698.627186897126,51.96461303455533
578,3705.0484146521558,49.98537851886276
579,3711.469642407186,50.143319701494846
580,3717.8908701622154,51.17960174920972
581,3724.3120979172454,52.64282461697162
582,3730.733325672275,54.558471042293206
583,3737.1545534273046,55.62091866713668
584,3743.5757811823346,56.30191512742317
585,3749.997008937364,57.3387809064421
586,3756.4182366923937,57.813992930282566
587,3762.839464447424,57.403224767956935
588,3769.2606922024534,56.55736664544264
589,3775.6819199574825,55.26010814216952
590,3782.103147712513,54.34204266173985
591,3788.524375467542,53.81874228028627
592,3794.945603222572,51.90432965859797
593,3801.3668309776017,49.64689521507686
594,3807.7880587326317,47.61267749202733
595,3814.2092864876613,46.13888691223626
596,3820.6305142426913,44.859384198553315
597,3827.0517419977205,43.89154972617433
598,3833.472969752751,42.76473023870667
599,3839.89419750778,41.47623819545957
600,3846.31542526281,40.73922904982753
601,3852.7366530178397,39.96254355332171
602,3859.1578807728697,39.1841224375393
603,3865.579108527899,39.428366748927715
604,3872.0003362829293,40.456724384252475
605,3878.4215640379584,42.335526945781005
606,3884.8427917929885,43.698175339621535
607,3891.264019548018,44.46912279261695
608,3897.685247303048,45.349021067131034
609,3904.1064750580776,46.42787758738778
610,3910.5277028131077,48.168370209162845
611,3916.948930568137,49.61375050137283
612,3923.3701583231673,49.86955253703229
613,3929.7913860781964,50.14791675000775
614,3936.2126138332264,50.82720195354918
615,3942.633841588256,51.54258967107302
616,3949.055069343286,52.988753076483206
617,3955.476297098315,54.693446886882725
618,3961.8975248533457,55.44432934955752
619,3968.318752608375,54.44445465600402
620,3974.739980363405,55.786662290751266
621,3981.1612081184344,58.18014318050916
622,3987.5824358734644,60.56227479217729
623,3994.003663628494,62.65137017422866
624,4000.424891383524,62.66066886132178
625,4006.846119138553,61.95565801452845
626,4013.267346893583,61.7665075021838
627,4019.6885746486128,61.60765052624557
628,4026.109802403643,61.3583479179388
629,4032.5310301586724,61.03833600440877
630,4038.9522579137024,60.26914493685043
631,4045.3734856687315,59.49863703086855
632,4051.794713423762,58.77458595613168
633,4058.215941178791,58.24800115731009
634,4064.637168933821,57.66577367487412
635,4071.0583966888507,56.97465311065042
636,4077.4796244438808,56.47021268453943
637,4083.90085219891,56.14761397905801
638,4090.3220799539404,55.52361243245106
639,4096.74330770897,55.54437639902937
640,4103.1645354639995,55.35055545645291
641,4109.585763219029,55.658911155898295
642,4116.00699097406,56.23228253402877
643,4122.428218729088,56.30697294422691
644,4128.849446484119,55.789379199302246
645,4135.270674239148,54.17637555265072
646,4141.691901994178,51.896296862669764
647,4148.1131297492075,49.083835999929235
648,4154.534357504238,45.56383336636228
649,4160.955585259267,44.718063358585425
650,4167.376813014297,44.633899372608866
651,4173.798040769327,45.161525920038486
652,4180.219268524356,47.08637318523374
653,4186.640496279386,49.324331589768185
654,4193.061724034416,50.747703595345115
655,4199.482951789445,52.41869633986286
656,4205.9041795444755,52.982831144491044
657,4212.325407299505,54.21839447550275
658,4218.746635054535,54.57332335007772
659,4225.167862809564,54.100390828011285
660,4231.589090564595,52.98142427335496
661,4238.010318319624,50.61694754332012
662,4244.431546074654,47.63694780825389
663,4250.852773829683,45.98713137074159
664,4257.274001584713,46.0850042654217
665,4263.695229339743,46.93905476992926
666,4270.116457094773,47.5967326971721
667,4276.537684849803,47.595744410756794
668,4282.958912604832,47.57002954979335
669,4289.380140359862,47.25981363560432
670,4295.801368114892,47.61956631947246
671,4302.222595869921,47.492057145477574
672,4308.6438236249505,48.239531651120245
673,4315.065051379981,49.73519185820443
674,4321.48627913501,50.57487739389528
675,4327.90750689004,50.225828822187374
676,4334.32873464507,49.557864819409055
677,4340.749962400099,48.98510719871442
678,4347.171190155129,48.3579392676309
679,4353.592417910159,47.63335641372929
680,4360.013645665188,46.939277980357154
681,4366.4348734202185,45.93606415145162
682,4372.856101175248,45.25871248907228
683,4379.277328930278,44.42846299325865
684,4385.698556685307,43.874015083640415
685,4392.119784440338,43.64541882172061
686,4398.541012195366,43.36737232373631
687,4404.962239950397,43.239134108155724
688,4411.3834677054265,43.05562607171788
689,4417.804695460456,42.77996464033113
690,4424.225923215486,42.90422428206472
691,4430.647150970516,43.01830781676876
692,4437.068378725546,43.479336789057434
693,4443.489606480575,42.78428864670244
694,4449.910834235605,41.96314946571426
695,4456.332061990635,41.47670409669509
696,4462.753289745664,41.09930300528028
697,4469.1745175006945,40.66833710730169
698,4475.595745255724,40.1526583963236
699,4482.016973010754,39.98079573888752
700,4488.438200765783,39.64990873787131
701,4494.859428520814,39.77740390810442
702,4501.280656275842,39.85458824160635
703,4507.701884030873,39.87947443331861
704,4514.123111785902,39.68416131045265
705,4520.544339540932,39.75113249010467
706,4526.965567295962,39.66969258954283
707,4533.386795050992,39.892540841224715
708,4539.808022806021,39.918456661880626
709,4546.229250561051,39.915327472481636
710,4552.650478316081,39.985118882686805
711,4559.07170607111,40.333485971173445
712,4565.49293382614,40.624337090104945
713,4571.91416158117,41.62498780326858
714,4578.335389336199,41.57832585676062
715,4584.75661709123,41.69749225315062
716,4591.177844846259,41.85732002487415
717,4597.599072601289,42.19222299146237
718,4604.020300356318,42.30019163216754
719,4610.441528111349,42.09621153141213
720,4616.862755866378,41.664815864419694
721,4623.283983621408,41.51194358661813
722,4629.705211376438,41.50689604267436
723,4636.126439131468,41.76859919415227
724,4642.547666886497,41.46706009057153
725,4648.968894641527,41.55382563847738
726,4655.390122396557,41.32357109081328
727,4661.811350151586,41.329705508913555
728,4668.232577906616,41.230226396736455
729,4674.653805661646,41.105937142487086
730,4681.075033416675,40.91685898877002
731,4687.496261171706,40.819167000103675
732,4693.917488926735,41.00105765450835
733,4700.338716681765,41.024238548905345
734,4706.759944436794,40.958927367622664
735,4713.181172191825,41.07751138150621
736,4719.602399946853,41.43741831213723
737,4726.023627701884,41.61278636992721
738,4732.4448554569135,41.9846567441018
739,4738.866083211943,42.260839364991966
740,4745.287310966973,42.2156656095903
741,4751.708538722003,41.59222650815671
742,4758.129766477032,39.59561178972369
743,4764.550994232062,37.8808677864127
744,4770.972221987092,36.99568805584636
745,4777.393449742121,36.87980927832602
746,4783.814677497151,37.17427271807066
747,4790.2359052521815,37.43405099429298
748,4796.65713300721,37.74224575127644
749,4803.078360762241,38.26130386858269
750,4809.49958851727,38.925004323493866
751,4815.9208162723,39.58157753103737
752,4822.342044027329,40.05511719645236
753,4828.76327178236,40.61572554184387
754,4835.1844995373895,41.0475751738552
755,4841.605727292419,41.34864315522037
756,4848.026955047449,42.16933656938771
757,4854.448182802478,43.26842250511732
758,4860.869410557508,45.12180529425464
759,4867.290638312537,46.265071263673065
760,4873.711866067568,46.752620821928616
761,4880.1330938225965,45.67472507137096
762,4886.554321577627,45.276505492518446
763,4892.975549332657,45.5746163080965
764,4899.396777087686,46.23799825531671
765,4905.818004842716,47.77533907631549
766,4912.239232597746,48.938746518789564
767,4918.660460352775,49.61942084336525
768,4925.081688107805,48.08768015851398
769,4931.502915862835,45.38471145882983
770,4937.9241436178645,42.811988176326295
771,4944.345371372894,41.24001342204433
772,4950.766599127925,42.18637748134148
773,4957.187826882953,43.64522863433629
774,4963.609054637984,44.030755762350864
775,4970.030282393013,44.131244277703786
776,4976.451510148043,42.575136508612474
777,4982.872737903072,41.18096201297263
778,4989.293965658103,40.50495535293426
779,4995.7151934131325,40.22829828132278
780,5002.136421168162,39.627463120154374
781,5008.557648923192,38.39350029623767
782,5014.978876678222,37.81334220243164
783,5021.400104433251,37.635457674053356
784,5027.821332188281,37.44298554808193
785,5034.242559943311,37.26888263958379
786,5040.6637876983405,37.173229066320594
787,5047.08501545337,37.15150823695365
788,5053.5062432084005,37.04979763762111
789,5059.927470963429,37.08932281277272
790,5066.34869871846,37.000934640738635
791,5072.769926473489,37.06089302062946
792,5079.191154228519,37.240954912789775
793,5085.612381983548,37.465903138709514
794,5092.033609738579,37.95176648034095
795,5098.454837493608,38.284515869417525
796,5104.876065248638,38.553976386621684
797,5111.297293003668,38.690394889060165
798,5117.718520758697,38.872643344624784
799,5124.139748513727,38.879365517143555
800,5130.560976268757,38.9108688068215
801,5136.982204023786,38.79126596233338
802,5143.403431778816,38.73931597722163
803,5149.824659533846,38.60709828074599
804,5156.245887288876,38.37040849359257
805,5162.667115043905,37.976627651373754
806,5169.088342798936,37.54971655250287
807,5175.509570553965,36.90626816666546
808,5181.930798308995,36.567736266270096
809,5188.352026064024,35.85503906485454
810,5194.773253819054,35.22123934869483
811,5201.1944815740835,34.76752751627944
812,5207.615709329114,34.19442712162374
813,5214.036937084144,33.79364201437011
814,5220.458164839173,33.359509056178425
815,5226.879392594203,32.969777114000074
816,5233.300620349233,32.70533175209842
817,5239.721848104262,32.58486632064156
818,5246.143075859292,32.63237293406033
819,5252.564303614322,32.5049077138567
820,5258.9855313693515,32.353150091693784
821,5265.406759124381,32.293462499390714
822,5271.827986879412,31.890937260793063
823,5278.24921463444,31.267289439409414
824,5284.670442389471,30.8672880529763
825,5291.0916701445,30.313962886386957
826,5297.51289789953,29.930021082019717
827,5303.9341256545595,29.58475429597423
828,5310.35535340959,29.206299989084012
829,5316.776581164619,29.06381105377173
830,5323.197808919649,28.98285500732782
831,5329.619036674679,29.04006494642431
832,5336.040264429708,28.984203804719712
833,5342.461492184738,28.76936836907859
834,5348.882719939768,28.39329404213409
835,5355.303947694797,28.34767784128136
836,5361.7251754498275,27.99294533776594
837,5368.146403204857,27.418196998433388
838,5374.567630959887,26.95549546244461
839,5380.988858714916,26.611786028772087
840,5387.410086469946,26.573268697539696
841,5393.831314224976,26.77654263103237
842,5400.252541980005,26.67378930361788
843,5406.673769735035,26.43472957166918
844,5413.094997490065,26.395296943601117
845,5419.516225245095,26.33029516033674
846,5425.937453000124,26.490054605476388
847,5432.358680755155,26.52135047105057
848,5438.779908510183,26.50047824759295
849,5445.201136265214,26.43225844389554
850,5451.622364020243,26.217784281354746
851,5458.043591775273,26.00480786722977
852,5464.4648195303025,25.817914265729296
853,5470.886047285333,25.663031202778953
854,5477.307275040362,25.78611981865503
855,5483.728502795392,26.182096104194052
856,5490.149730550422,26.489887949519392
857,5496.570958305451,27.037902823631025
858,5502.992186060481,27.515475398658452
859,5509.413413815511,27.819682449176195
860,5515.83464157054,27.78005930237719
861,5522.2558693255705,27.782164616057784
862,5528.6770970806,27.776529262874888
863,5535.09832483563,28.14749585678249
864,5541.519552590659,27.626028938279237
865,5547.94078034569,27.17629752882239
866,5554.362008100719,27.190229631888798
867,5560.783235855749,27.65922132689446
868,5567.2044636107785,28.338215729710527
869,5573.625691365809,28.253361939130443
870,5580.046919120838,27.98044871777998
871,5586.468146875868,27.983221460931656
872,5592.889374630898,28.290857286743677
873,5599.310602385927,28.84805152120596
874,5605.731830140957,29.65766245452086
875,5612.153057895987,30.26201158846557
876,5618.574285651016,31.09244788968256
877,5624.9955134060465,31.760799150048108
878,5631.416741161076,32.72569432445235
879,5637.837968916106,33.342942248617305
880,5644.259196671135,33.75126449810024
881,5650.680424426166,34.12892689358102
882,5657.101652181194,34.006566736885986
883,5663.522879936225,34.05370083429956
884,5669.944107691254,33.999645041538805
885,5676.365335446284,34.64428256029373
886,5682.786563201314,34.2994458652149
887,5689.207790956344,34.5873338657326
888,5695.629018711373,34.56636855901153
889,5702.050246466403,34.59245679982517
890,5708.471474221433,34.7194991604125
891,5714.892701976462,34.44765064331689
892,5721.313929731492,34.19658164996011
893,5727.735157486522,34.31579004908414
894,5734.156385241551,34.52378368898732
895,5740.577612996582,34.730143024581665
896,5746.998840751611,34.52276946967736
897,5753.420068506641,34.24156081649574
898,5759.84129626167,34.42178909888528
899,5766.262524016701,34.26589682747445
900,5772.68375177173,34.37368905428963
901,5779.10497952676,34.344708112373866
902,5785.5262072817895,34.25111666724791
903,5791.94743503682,34.94305191120924
904,5798.368662791849,35.521623210411576
905,5804.789890546879,35.83330322499446
906,5811.211118301909,36.25838010699568
907,5817.632346056938,35.77677407075296
908,5824.053573811968,36.22588351521309
909,5830.474801566998,36.13529658669345
910,5836.896029322027,36.42314062051424
911,5843.317257077058,36.59869142822972
912,5849.738484832087,36.85005522767
913,5856.159712587117,36.87766096748665
914,5862.580940342146,36.85063476236658
915,5869.002168097177,36.87815728073766
916,5875.423395852205,37.186651995372564
917,5881.844623607236,37.58349453980188
918,5888.2658513622655,37.979506724403436
919,5894.687079117295,38.42772032116028
920,5901.108306872325,38.715529870354366
921,5907.529534627355,38.8289362790971
922,5913.950762382384,38.57861693784434
923,5920.371990137414,38.27287030542654
924,5926.793217892444,38.07601575521781
925,5933.214445647473,37.850986980429056
926,5939.635673402503,37.617133490490325
927,5946.056901157533,37.52485841713249
928,5952.478128912563,37.617479355482544
929,5958.899356667592,37.813563924338716
930,5965.320584422622,37.90735867319782
931,5971.741812177652,37.933482037919184
932,5978.163039932681,37.89415396964268
933,5984.584267687711,37.830358205690935
934,5991.005495442741,37.81817378255302
935,5997.42672319777,37.672708273892894
936,6003.847950952801,37.301908607759565
937,6010.26917870783,36.980001449261174
938,6016.69040646286,36.88666434780168
939,6023.111634217889,36.833479993720694
940,6029.53286197292,36.752716597132924
941,6035.9540897279485,36.92482741733333
942,6042.375317482979,36.38233297962285
943,6048.796545238009,36.507105409139605
944,6055.217772993038,36.65745329847377
945,6061.639000748068,36.989858177557004
946,6068.060228503098,37.0503748485713
947,6074.481456258127,37.32361103258503
948,6080.902684013157,37.39970383641761
949,6087.323911768187,37.62105282864698
950,6093.7451395232165,37.582922586344715
951,6100.166367278246,37.94992085539523
952,6106.587595033277,38.12112790153664
953,6113.008822788306,38.22801384363992
954,6119.430050543336,38.18310927343062
955,6125.851278298365,38.27958455472206
956,6132.272506053395,38.30260704770502
957,6138.693733808424,38.4120239091555
958,6145.114961563455,38.45489404959614
959,6151.5361893184845,38.565449959966344
960,6157.957417073514,38.56909238093796
961,6164.378644828544,38.53085526532916
962,6170.799872583574,38.41022031392152
963,6177.221100338603,38.39156707239104
964,6183.642328093633,38.35883206931671
965,6190.063555848663,38.305224828824805
966,6196.484783603692,38.2147759424058
967,6202.906011358722,38.10735257993747
968,6209.3272391137525,38.00226424646158
969,6215.748466868781,37.90406195565253
970,6222.169694623812,37.75650196880486
971,6228.590922378841,37.467792397096574
972,6235.012150133871,37.35558902012998
973,6241.4333778889,37.08376178986473
974,6247.854605643931,36.70945476898617
975,6254.27583339896,36.68401882657057
976,6260.69706115399,36.687783344580716
977,6267.11828890902,36.39469931393905
978,6273.539516664049,36.16210598650095
979,6279.960744419079,35.93032184026039
980,6286.381972174109,35.6455601762402
981,6292.803199929138,35.41198781546119
982,6299.224427684168,35.73299265667564
983,6305.645655439198,35.93616081336281
984,6312.066883194228,35.86555110836914
985,6318.488110949257,35.94433744348422
986,6324.909338704288,35.8340458120667
987,6331.330566459317,35.860517660385
988,6337.751794214347,36.020701123351984
989,6344.173021969376,36.321975553441106
990,6350.594249724407,36.43233043334452
991,6357.0154774794355,36.909940359513556
992,6363.436705234466,37.172966681191156
993,6369.857932989496,37.52605257363126
994,6376.279160744525,37.98673532077151
995,6382.700388499555,38.19412919560582
996,6389.121616254585,38.43708997551063
997,6395.542844009614,38.099496042270026
998,6401.964071764644,37.965141619705875
999,6408.385299519674,37.78135844897547
1000,6414.8065272747035,37.570603860859144
1001,6421.227755029733,37.63924221041516
1002,6427.648982784764,37.714645505324185
1003,6434.070210539792,38.23618670609694
1004,6440.491438294823,38.60782504531668
1005,6446.912666049852,38.701981042367066
1006,6453.333893804882,38.82264823095241
1007,6459.7551215599115,39.00302414957168
1008,6466.176349314941,39.365559005023535
1009,6472.597577069971,40.068062739445736
1010,6479.018804825,41.036320392666674
1011,6485.440032580031,42.10425010546978
1012,6491.86126033506,42.95497344058139
1013,6498.28248809009,43.10296961036324
1014,6504.703715845119,43.31661092790001
1015,6511.12494360015,43.733999909516605
1016,6517.546171355179,43.84945301617505
1017,6523.967399110209,44.06197928950347
1018,6530.388626865239,44.33098837042439
1019,6536.809854620268,44.16554064251031
1020,6543.231082375298,44.09234079557929
1021,6549.652310130328,44.019680602411704
1022,6556.073537885357,44.11685945066063
1023,6562.494765640387,44.17837815221958
1024,6568.915993395417,44.412569336457224
1025,6575.337221150447,44.39327741102851
1026,6581.758448905476,44.85692374883436
1027,6588.179676660507,45.08064658808375
1028,6594.600904415535,45.43074627236882
1029,6601.022132170566,45.860825590918736
1030,6607.443359925595,46.11982149962047
1031,6613.864587680625,46.11214729353628
1032,6620.2858154356545,46.172783382952574
1033,6626.707043190685,46.1538375815565
1034,6633.128270945714,46.53321218568804
1035,6639.549498700744,47.35198034654849
1036,6645.970726455774,47.93096497398961
1037,6652.391954210803,48.09713317391249
1038,6658.813181965833,48.24573302591255
1039,6665.234409720863,48.33222595991441
1040,6671.655637475892,48.512158725065085
1041,6678.0768652309225,48.20401649312222
1042,6684.498092985952,47.75866625146608
1043,6690.919320740982,47.67603599801416
1044,6697.340548496011,47.58352356266379
1045,6703.761776251042,47.50526738646312
1046,6710.183004006071,47.4978945741218
1047,6716.604231761101,47.57218918001534
1048,6723.0254595161305,47.673462743842286
1049,6729.446687271161,47.650445946030814
1050,6735.86791502619,47.73154985641549
1051,6742.28914278122,47.59049369328567
1052,6748.71037053625,47.47683883746394
1053,6755.131598291279,47.151827814613334
1054,6761.552826046309,46.72858768958038
1055,6767.974053801339,46.3658570676036
1056,6774.395281556368,46.265626179845874
1057,6780.8165093113985,46.335286802064346
1058,6787.237737066428,46.782488737800946
1059,6793.658964821458,47.5576969975418
1060,6800.080192576487,48.08959828168981
1061,6806.501420331518,48.49650058394785
1062,6812.922648086546,48.54429738887343
1063,6819.343875841577,48.06695930283192
1064,6825.765103596606,47.59218084200159
1065,6832.186331351636,47.116589667979795
1066,6838.607559106666,47.016758586082126
1067,6845.028786861696,46.55115753058706
1068,6851.450014616725,46.15462850830915
1069,6857.871242371755,45.31879643094719
1070,6864.292470126785,44.71968516417694
1071,6870.713697881814,44.09396041876203
1072,6877.134925636844,43.305941379579025
1073,6883.556153391874,42.79945935695632
1074,6889.977381146904,42.53632485717521
1075,6896.398608901934,42.29068749669513
1076,6902.819836656963,42.21963666810055
1077,6909.241064411994,42.35440470901494
1078,6915.662292167022,42.348894748873114
1079,6922.083519922053,42.37631223528313
1080,6928.504747677082,42.937891764791274
1081,6934.925975432112,43.432319294422456
1082,6941.3472031871415,43.855784770029786
1083,6947.768430942172,43.705785449777245
1084,6954.189658697201,42.87161319343933
1085,6960.610886452231,42.430909157664104
1086,6967.032114207261,41.72620874442957
1087,6973.45334196229,41.31796498900709
1088,6979.87456971732,41.09295177783815
1089,6986.29579747235,41.00225548365277
1090,6992.717025227379,41.18666021486046
1091,6999.1382529824095,41.153688326704966
1092,7005.559480737439,40.96374260479822
1093,7011.980708492468,40.49562213391741
1094,7018.401936247498,39.569984560723526
1095,7024.823164002528,39.416230924328794
1096,7031.244391757557,39.38542693836141
1097,7037.665619512587,39.65179971876294
1098,7044.0868472676175,39.84413140322225
1099,7050.508075022647,40.029100514279776
1100,7056.929302777677,40.43338804129763
1101,7063.350530532706,40.65307912359225
1102,7069.771758287736,40.53484356044599
1103,7076.192986042765,40.828202449273796
1104,7082.614213797796,40.93300072672517
1105,7089.035441552825,41.12818059527603
1106,7095.456669307855,41.306100873508335
1107,7101.877897062885,41.36427531755041
1108,7108.299124817915,41.476755463301274
1109,7114.720352572944,41.68233924163148
1110,7121.141580327974,42.19554639012897
1111,7127.562808083004,42.67092776724509
1112,7133.984035838033,43.181037812413386
1113,7140.405263593063,43.77590129384358
1114,7146.826491348093,44.056250188663874
1115,7153.247719103122,44.137086232155085
1116,7159.668946858153,44.05374875863079
1117,7166.090174613182,43.9608349550632
1118,7172.511402368212,44.18240694411096
1119,7178.932630123241,44.59546750632189
1120,7185.353857878272,44.70561385546747
1121,7191.7750856333005,44.97425213946523
1122,7198.196313388331,45.008776272601004
1123,7204.6175411433605,45.21404775168127
1124,7211.03876889839,45.155452786173505
1125,7217.45999665342,44.761080688727056
1126,7223.88122440845,45.30371708944835
1127,7230.302452163479,45.847919871804685
1128,7236.723679918509,47.14659407367411
1129,7243.144907673539,47.85647376491698
1130,7249.5661354285685,47.937648399721795
1131,7255.987363183598,49.494597689578384
1132,7262.408590938629,51.673014623484775
1133,7268.829818693658,52.99369378619674
1134,7275.251046448688,53.56226920036654
1135,7281.672274203717,54.382243649346336
1136,7288.093501958748,56.88739275963075
1137,7294.514729713776,60.195975230459666
1138,7300.935957468807,62.20394676016478
1139,7307.3571852238365,62.68067232206612
1140,7313.778412978866,60.7401561846146
1141,7320.199640733896,58.197693647276175
1142,7326.620868488926,55.842310331244974
1143,7333.042096243955,53.957546656866676
1144,7339.463323998985,55.56637085960724
1145,7345.884551754015,58.56387131501029
1146,7352.305779509044,61.40142306774035
1147,7358.727007264074,64.690481605166
1148,7365.1482350191045,67.6979181438362
1149,7371.569462774133,68.72302472925989
1150,7377.990690529164,66.90903163684241
1151,7384.411918284193,66.39898776728049
1152,7390.833146039223,66.7953390383834
1153,7397.254373794252,67.63171668099977
1154,7403.675601549283,71.27748595325653
1155,7410.0968293043115,74.83111036431005
1156,7416.518057059342,78.49782020994702
1157,7422.939284814372,81.77316228599344
1158,7429.360512569401,84.68118331414152
1159,7435.781740324431,86.39792956484541
1160,7442.202968079461,86.5577190826261
1161,7448.624195834491,84.92489663364218
1162,7455.04542358952,82.46787158286287
1163,7461.46665134455,80.43793016446273
1164,7467.8878790995805,80.38180331492448
1165,7474.309106854609,81.36473821987832
1166,7480.73033460964,82.24208818270222
1167,7487.151562364669,82.62101443791758
1168,7493.572790119699,82.27560567842522
1169,7499.994017874728,81.91797093365676
1170,7506.415245629759,80.46325937189187
1171,7512.8364733847875,78.46069761490233
1172,7519.257701139818,75.89933227190775
1173,7525.678928894848,73.38975715891766
1174,7532.100156649877,72.40086683302047
1175,7538.521384404907,71.59770953311018
